{
  "data": {
  "data": [
    {
      "lottery": {
        "id": 1,
        "name": "Italian Superenalotto",
        "jackpotAmount": 50000000,
        "nextDrawDate": 1416728700000,
        "originCountry": "UK",
        "currency": "DOLLAR",
        "lineRules": {
          "requiredSelectedCount": 6,
          "guessRange": 56,
          "secondaryRequiredSelectedCount": 2,
          "secondaryGuessRange": 10,
          "secondaryGuessRangeName": "Select Your Mega Ball"
        }
      },
       "currencyCode": "AUD",
       "currencySymbol": "$",
      "bundles": [
        {
          "numberOfDraws": 2,
          "pricePerDraw": 2,
          "id": 1,
          "allowAutoRenew": true,
          "autoRenewDiscount": 10,
          "marketingDescription": "Save 15%"
        },
        {
          "numberOfDraws": 3,
          "pricePerDraw": 3,
          "id": 2,
          "allowAutoRenew": false,
          "autoRenewDiscount": 0,
          "marketingDescription": "Save 15%"
        },
        {
          "numberOfDraws": 4,
          "pricePerDraw": 5,
          "id": 3,
          "allowAutoRenew": false,
          "autoRenewDiscount": 0,
          "marketingDescription": "Save 15%"
        },
        {
          "numberOfDraws": 5,
          "pricePerDraw": 5,
          "id": 3,
          "allowAutoRenew": false,
          "autoRenewDiscount": 0,
          "marketingDescription": "Save 15%"
        },
        {
          "numberOfDraws": 6,
          "pricePerDraw": 5,
          "id": 3,
          "allowAutoRenew": false,
          "autoRenewDiscount": 0,
          "marketingDescription": "Save 15%"
        }
      ],
      "id": 2,
      "name": "Product1",
      "version": 635422978598855600
    },
    {
      "lottery": {
        "id": 2,
        "name": "La Primitiva",
        "jackpotAmount": 50000000,
        "nextDrawDate": 1416728700000,
        "originCountry": "UK",
        "currency": "DOLLAR",
        "lineRules": {
          "requiredSelectedCount": 6,
          "guessRange": 56,
          "secondaryRequiredSelectedCount": 2,
          "secondaryGuessRange": 10,
          "secondaryGuessRangeName": "Select Your Mega Ball"
        }
      },
        "currencyCode": "AUD",
       "currencySymbol": "$",
      "bundles": [
        {
          "numberOfDraws": 2,
          "pricePerDraw": 2,
          "id": 1,
          "allowAutoRenew": true,
          "autoRenewDiscount": 10,
          "marketingDescription": "Save 15%"
        },
        {
          "numberOfDraws": 3,
          "pricePerDraw": 3,
          "id": 2,
          "allowAutoRenew": false,
          "autoRenewDiscount": 0,
          "marketingDescription": "Save 15%"
        },
        {
          "numberOfDraws": 4,
          "pricePerDraw": 5,
          "id": 3,
          "allowAutoRenew": false,
          "autoRenewDiscount": 0,
          "marketingDescription": "Save 15%"
        },
        {
          "numberOfDraws": 5,
          "pricePerDraw": 5,
          "id": 3,
          "allowAutoRenew": false,
          "autoRenewDiscount": 0,
          "marketingDescription": "Save 15%"
        },
        {
          "numberOfDraws": 6,
          "pricePerDraw": 5,
          "id": 3,
          "allowAutoRenew": false,
          "autoRenewDiscount": 0,
          "marketingDescription": "Save 15%"
        }
      ],
      "id": 2,
      "name": "Product2",
      "version": 635422978598855600
    },
    {
        "currencyCode": "AUD",
       "currencySymbol": "$",
      "lottery": {
        "id": 3,
        "name": "Euro Millions",
        "jackpotAmount": 50000000,
        "nextDrawDate": 1416728700000,
        "originCountry": "UK",
        "currency": "DOLLAR",
        "lineRules": {
          "requiredSelectedCount": 6,
          "guessRange": 56,
          "secondaryRequiredSelectedCount": 2,
          "secondaryGuessRange": 10,
          "secondaryGuessRangeName": "Select Your Mega Ball"
        }
      },
      "bundles": [
        {
          "numberOfDraws": 4,
          "pricePerDraw": 2,
          "id": 1,
          "allowAutoRenew": true,
          "autoRenewDiscount": 10,
          "marketingDescription": "Save 15%"
        },
        {
          "numberOfDraws": 3,
          "pricePerDraw": 3,
          "id": 2,
          "allowAutoRenew": false,
          "autoRenewDiscount": 0,
          "marketingDescription": "Save 15%"
        },
        {
          "numberOfDraws": 2,
          "pricePerDraw": 5,
          "id": 3,
          "allowAutoRenew": false,
          "autoRenewDiscount": 0,
          "marketingDescription": "Save 15%"
        },
        {
          "numberOfDraws": 5,
          "pricePerDraw": 5,
          "id": 3,
          "allowAutoRenew": false,
          "autoRenewDiscount": 0,
          "marketingDescription": "Save 15%"
        },
        {
          "numberOfDraws": 6,
          "pricePerDraw": 5,
          "id": 3,
          "allowAutoRenew": false,
          "autoRenewDiscount": 0,
          "marketingDescription": "Save 15%"
        }
      ],
      "id": 3,
      "name": "Product3",
      "version": 635422978598855600
    },
    {
        "currencyCode": "AUD",
       "currencySymbol": "$",
      "lottery": {
        "id": 4,
        "name": "Euro Jackpot",
        "jackpotAmount": 50000000,
        "nextDrawDate": 1416728700000,
        "originCountry": "UK",
        "currency": "DOLLAR",
        "lineRules": {
          "requiredSelectedCount": 6,
          "guessRange": 56,
          "secondaryRequiredSelectedCount": 2,
          "secondaryGuessRange": 10,
          "secondaryGuessRangeName": "Select Your Mega Ball"
        }
      },
      "bundles": [
        {
          "numberOfDraws": 4,
          "pricePerDraw": 2,
          "id": 1,
          "allowAutoRenew": true,
          "autoRenewDiscount": 10,
          "marketingDescription": "Save 15%"
        },
        {
          "numberOfDraws": 3,
          "pricePerDraw": 3,
          "id": 2,
          "allowAutoRenew": false,
          "autoRenewDiscount": 0,
          "marketingDescription": "Save 15%"
        },
        {
          "numberOfDraws": 2,
          "pricePerDraw": 5,
          "id": 3,
          "allowAutoRenew": false,
          "autoRenewDiscount": 0,
          "marketingDescription": "Save 15%"
        },
        {
          "numberOfDraws": 5,
          "pricePerDraw": 5,
          "id": 3,
          "allowAutoRenew": false,
          "autoRenewDiscount": 0,
          "marketingDescription": "Save 15%"
        },
        {
          "numberOfDraws": 6,
          "pricePerDraw": 5,
          "id": 3,
          "allowAutoRenew": false,
          "autoRenewDiscount": 0,
          "marketingDescription": "Save 15%"
        }
      ],
      "id": 4,
      "name": "Product4",
      "version": 635422978598855600
    },
    {
        "currencyCode": "AUD",
       "currencySymbol": "$",
      "lottery": {
        "id": 5,
        "name": "Mega Millions",
        "jackpotAmount": 50000000,
        "nextDrawDate": 1416728700000,
        "originCountry": "UK",
        "currency": "DOLLAR",
        "lineRules": {
          "requiredSelectedCount": 6,
          "guessRange": 56,
          "secondaryRequiredSelectedCount": 2,
          "secondaryGuessRange": 10,
          "secondaryGuessRangeName": "Select Your Mega Ball"
        }
      },
      "bundles": [
        {
          "numberOfDraws": 4,
          "pricePerDraw": 2,
          "id": 1,
          "allowAutoRenew": true,
          "autoRenewDiscount": 10,
          "marketingDescription": "Save 15%"
        },
        {
          "numberOfDraws": 3,
          "pricePerDraw": 3,
          "id": 2,
          "allowAutoRenew": false,
          "autoRenewDiscount": 0,
          "marketingDescription": "Save 15%"
        },
        {
          "numberOfDraws": 2,
          "pricePerDraw": 5,
          "id": 3,
          "allowAutoRenew": false,
          "autoRenewDiscount": 0,
          "marketingDescription": "Save 15%"
        },
        {
          "numberOfDraws": 5,
          "pricePerDraw": 5,
          "id": 3,
          "allowAutoRenew": false,
          "autoRenewDiscount": 0,
          "marketingDescription": "Save 15%"
        },
        {
          "numberOfDraws": 6,
          "pricePerDraw": 5,
          "id": 3,
          "allowAutoRenew": false,
          "autoRenewDiscount": 0,
          "marketingDescription": "Save 15%"
        }
      ],
      "id": 5,
      "name": "Product5",
      "version": 635422978598855600
    },
    {
        "currencyCode": "AUD",
       "currencySymbol": "$",
      "lottery": {
        "id": 6,
        "name": "UK National Lotto",
        "jackpotAmount": 50000000,
        "nextDrawDate": 1416728700000,
        "originCountry": "UK",
        "currency": "DOLLAR",
        "lineRules": {
          "requiredSelectedCount": 6,
          "guessRange": 56,
          "secondaryRequiredSelectedCount": 2,
          "secondaryGuessRange": 10,
          "secondaryGuessRangeName": "Select Your Mega Ball"
        }
      },
      "bundles": [
        {
          "numberOfDraws": 4,
          "pricePerDraw": 2,
          "id": 1,
          "allowAutoRenew": true,
          "autoRenewDiscount": 10,
          "marketingDescription": "Save 15%"
        },
        {
          "numberOfDraws": 3,
          "pricePerDraw": 3,
          "id": 2,
          "allowAutoRenew": false,
          "autoRenewDiscount": 0,
          "marketingDescription": "Save 15%"
        },
        {
          "numberOfDraws": 2,
          "pricePerDraw": 5,
          "id": 3,
          "allowAutoRenew": false,
          "autoRenewDiscount": 0,
          "marketingDescription": "Save 15%"
        },
        {
          "numberOfDraws": 5,
          "pricePerDraw": 5,
          "id": 3,
          "allowAutoRenew": false,
          "autoRenewDiscount": 0,
          "marketingDescription": "Save 15%"
        },
        {
          "numberOfDraws": 6,
          "pricePerDraw": 5,
          "id": 3,
          "allowAutoRenew": false,
          "autoRenewDiscount": 0,
          "marketingDescription": "Save 15%"
        }
      ],
      "id": 6,
      "name": "Product6",
      "version": 635422978598855600
    },
    {
        "currencyCode": "AUD",
       "currencySymbol": "$",
      "lottery": {
        "id": 7,
        "name": "PowerBall",
        "jackpotAmount": 50000000,
        "nextDrawDate": 1416728700000,
        "originCountry": "UK",
        "currency": "DOLLAR",
        "lineRules": {
          "requiredSelectedCount": 6,
          "guessRange": 56,
          "secondaryRequiredSelectedCount": 2,
          "secondaryGuessRange": 10,
          "secondaryGuessRangeName": "Select Your Mega Ball"
        }
      },
      "bundles": [
        {
          "numberOfDraws": 4,
          "pricePerDraw": 2,
          "id": 1,
          "allowAutoRenew": true,
          "autoRenewDiscount": 10,
          "marketingDescription": "Save 15%"
        },
        {
          "numberOfDraws": 3,
          "pricePerDraw": 3,
          "id": 2,
          "allowAutoRenew": false,
          "autoRenewDiscount": 0,
          "marketingDescription": "Save 15%"
        },
        {
          "numberOfDraws": 2,
          "pricePerDraw": 5,
          "id": 3,
          "allowAutoRenew": false,
          "autoRenewDiscount": 0,
          "marketingDescription": "Save 15%"
        },
        {
          "numberOfDraws": 5,
          "pricePerDraw": 5,
          "id": 3,
          "allowAutoRenew": false,
          "autoRenewDiscount": 0,
          "marketingDescription": "Save 15%"
        },
        {
          "numberOfDraws": 6,
          "pricePerDraw": 5,
          "id": 3,
          "allowAutoRenew": false,
          "autoRenewDiscount": 0,
          "marketingDescription": "Save 15%"
        }
      ],
      "id": 7,
      "name": "Product7",
      "version": 635422978598855600
    },
    {
        "currencyCode": "AUD",
       "currencySymbol": "$",
      "lottery": {
        "id": 8,
        "name": "El Gordo De La Primitiva",
        "jackpotAmount": 50000000,
        "nextDrawDate": 1416728700000,
        "originCountry": "UK",
        "currency": "DOLLAR",
        "lineRules": {
          "requiredSelectedCount": 6,
          "guessRange": 56,
          "secondaryRequiredSelectedCount": 2,
          "secondaryGuessRange": 10,
          "secondaryGuessRangeName": "Select Your Mega Ball"
        }
      },
      "bundles": [
        {
          "numberOfDraws": 4,
          "pricePerDraw": 2,
          "id": 1,
          "allowAutoRenew": true,
          "autoRenewDiscount": 10,
          "marketingDescription": "Save 15%"
        },
        {
          "numberOfDraws": 3,
          "pricePerDraw": 3,
          "id": 2,
          "allowAutoRenew": false,
          "autoRenewDiscount": 0,
          "marketingDescription": "Save 15%"
        },
        {
          "numberOfDraws": 2,
          "pricePerDraw": 5,
          "id": 3,
          "allowAutoRenew": false,
          "autoRenewDiscount": 0,
          "marketingDescription": "Save 15%"
        },
        {
          "numberOfDraws": 5,
          "pricePerDraw": 5,
          "id": 3,
          "allowAutoRenew": false,
          "autoRenewDiscount": 0,
          "marketingDescription": "Save 15%"
        },
        {
          "numberOfDraws": 6,
          "pricePerDraw": 5,
          "id": 3,
          "allowAutoRenew": false,
          "autoRenewDiscount": 0,
          "marketingDescription": "Save 15%"
        }
      ],
      "id": 8,
      "name": "Product8",
      "version": 635422978598855600
    },
    {
        "currencyCode": "AUD",
       "currencySymbol": "$",
      "lottery": {
        "id": 9,
        "name": "UK Euro Millions",
        "jackpotAmount": 50000000,
        "nextDrawDate": 1416728700000,
        "originCountry": "UK",
        "currency": "DOLLAR",
        "lineRules": {
          "requiredSelectedCount": 6,
          "guessRange": 56,
          "secondaryRequiredSelectedCount": 2,
          "secondaryGuessRange": 10,
          "secondaryGuessRangeName": "Select Your Mega Ball"
        }
      },
      "bundles": [
        {
          "numberOfDraws": 4,
          "pricePerDraw": 2,
          "id": 1,
          "allowAutoRenew": true,
          "autoRenewDiscount": 10,
          "marketingDescription": "Save 15%"
        },
        {
          "numberOfDraws": 3,
          "pricePerDraw": 3,
          "id": 2,
          "allowAutoRenew": false,
          "autoRenewDiscount": 0,
          "marketingDescription": "Save 15%"
        },
        {
          "numberOfDraws": 2,
          "pricePerDraw": 5,
          "id": 3,
          "allowAutoRenew": false,
          "autoRenewDiscount": 0,
          "marketingDescription": "Save 15%"
        },
        {
          "numberOfDraws": 5,
          "pricePerDraw": 5,
          "id": 3,
          "allowAutoRenew": false,
          "autoRenewDiscount": 0,
          "marketingDescription": "Save 15%"
        },
        {
          "numberOfDraws": 6,
          "pricePerDraw": 5,
          "id": 3,
          "allowAutoRenew": false,
          "autoRenewDiscount": 0,
          "marketingDescription": "Save 15%"
        }
      ],
      "id": 8,
      "name": "Product8",
      "version": 635422978598855600
    },
    {
        "currencyCode": "AUD",
       "currencySymbol": "$",
      "lottery": {
        "id": 10,
        "name": "NY Lotto",
        "jackpotAmount": 50000000,
        "nextDrawDate": 1416728700000,
        "originCountry": "UK",
        "currency": "DOLLAR",
        "lineRules": {
          "requiredSelectedCount": 6,
          "guessRange": 56,
          "secondaryRequiredSelectedCount": 2,
          "secondaryGuessRange": 10,
          "secondaryGuessRangeName": "Select Your Mega Ball"
        }
      },
      "bundles": [
        {
          "numberOfDraws": 4,
          "pricePerDraw": 2,
          "id": 1,
          "allowAutoRenew": true,
          "autoRenewDiscount": 10,
          "marketingDescription": "Save 15%"
        },
        {
          "numberOfDraws": 3,
          "pricePerDraw": 3,
          "id": 2,
          "allowAutoRenew": false,
          "autoRenewDiscount": 0,
          "marketingDescription": "Save 15%"
        },
        {
          "numberOfDraws": 2,
          "pricePerDraw": 5,
          "id": 3,
          "allowAutoRenew": false,
          "autoRenewDiscount": 0,
          "marketingDescription": "Save 15%"
        },
        {
          "numberOfDraws": 5,
          "pricePerDraw": 5,
          "id": 3,
          "allowAutoRenew": false,
          "autoRenewDiscount": 0,
          "marketingDescription": "Save 15%"
        },
        {
          "numberOfDraws": 6,
          "pricePerDraw": 5,
          "id": 3,
          "allowAutoRenew": false,
          "autoRenewDiscount": 0,
          "marketingDescription": "Save 15%"
        }
      ],
      "id": 8,
      "name": "Product8",
      "version": 635422978598855600
    },
    {
        "currencyCode": "AUD",
       "currencySymbol": "$",
      "lottery": {
        "id": 11,
        "name": "BonoLoto",
        "jackpotAmount": 50000000,
        "nextDrawDate": 1416728700000,
        "originCountry": "UK",
        "currency": "DOLLAR",
        "lineRules": {
          "requiredSelectedCount": 6,
          "guessRange": 56,
          "secondaryRequiredSelectedCount": 2,
          "secondaryGuessRange": 10,
          "secondaryGuessRangeName": "Select Your Mega Ball"
        }
      },
      "bundles": [
        {
          "numberOfDraws": 4,
          "pricePerDraw": 2,
          "id": 1,
          "allowAutoRenew": true,
          "autoRenewDiscount": 10,
          "marketingDescription": "Save 15%"
        },
        {
          "numberOfDraws": 3,
          "pricePerDraw": 3,
          "id": 2,
          "allowAutoRenew": false,
          "autoRenewDiscount": 0,
          "marketingDescription": "Save 15%"
        },
        {
          "numberOfDraws": 2,
          "pricePerDraw": 5,
          "id": 3,
          "allowAutoRenew": false,
          "autoRenewDiscount": 0,
          "marketingDescription": "Save 15%"
        },
        {
          "numberOfDraws": 5,
          "pricePerDraw": 5,
          "id": 3,
          "allowAutoRenew": false,
          "autoRenewDiscount": 0,
          "marketingDescription": "Save 15%"
        },
        {
          "numberOfDraws": 6,
          "pricePerDraw": 5,
          "id": 3,
          "allowAutoRenew": false,
          "autoRenewDiscount": 0,
          "marketingDescription": "Save 15%"
        }
      ],
      "id": 8,
      "name": "Product8",
      "version": 635422978598855600
    }
  ],
  "error": null
}
}