{
    "data": [{
        "id": "1",
        "color": "#000",
        "lotteries": [{
            "id": "1",
            "txt": ["2 entries on Tuesday & Friday", "4 entries in Millionaire Raffle"],
            "name":"Mega Millions"

        }, {
            "id": "2",
            "txt": ["2 entries on Wednesday & Saturday", "4 entries in Lotto Raffle"],
            "name": "Euro Millions"
        }, {
            "id": "5",
            "txt": ["£1 Million Daily Draw 2 days a week"],
            "name": "Power Ball"
        }],
        "chances": 4338,
        "price": 36,
        "monthOpts": [1, 3, 6, 9],
        "playClicked": false
    },
    {
        "id": "2",
        "color": "#0075e6",
         "lotteries": [{
            "id": "1",
            "txt": ["2 entries on Tuesday & Friday", "4 entries in Millionaire Raffle"],
            "name":"Mega Millions"

        }, {
            "id": "2",
            "txt": ["2 entries on Wednesday & Saturday", "4 entries in Lotto Raffle"],
            "name": "Euro Millions"
        }, {
            "id": "5",
            "txt": ["£1 Million Daily Draw 2 days a week"],
            "name": "Power Ball"
        }],
        "chances": 4338,
        "price": 36,
        "monthOpts": [1, 3, 6, 9],
        "playClicked": false
    },
    {
        "id": "3",
        "color": "#00a21d",
        "lotteries": [{
            "id": "1",
            "txt": ["2 entries on Tuesday & Friday", "4 entries in Millionaire Raffle"],
            "name":"Mega Millions"

        }, {
            "id": "2",
            "txt": ["2 entries on Wednesday & Saturday", "4 entries in Lotto Raffle"],
            "name": "Euro Millions"
        }, {
            "id": "5",
            "txt": ["£1 Million Daily Draw 2 days a week"],
            "name": "Power Ball"
        }],
        "chances": 4338,
        "price": 36,
        "monthOpts": [1, 3, 6, 9],
        "playClicked": false
    },
    {
        "id": "4",
        "color": "#ff2a2a",
         "lotteries": [{
            "id": "1",
            "txt": ["2 entries on Tuesday & Friday", "4 entries in Millionaire Raffle"],
            "name":"Mega Millions"

        }, {
            "id": "2",
            "txt": ["2 entries on Wednesday & Saturday", "4 entries in Lotto Raffle"],
            "name": "Euro Millions"
        }, {
            "id": "5",
            "txt": ["£1 Million Daily Draw 2 days a week"],
            "name": "Power Ball"
        }],
        "chances": 4338,
        "price": 36,
        "monthOpts": [1, 3, 6, 9],
        "playClicked": false
    },
    {
        "id": "5",
        "color": "#ffcd00",
       "lotteries": [{
            "id": "1",
            "txt": ["2 entries on Tuesday & Friday", "4 entries in Millionaire Raffle"],
            "name":"Mega Millions"

        }, {
            "id": "2",
            "txt": ["2 entries on Wednesday & Saturday", "4 entries in Lotto Raffle"],
            "name": "Euro Millions"
        }, {
            "id": "5",
            "txt": ["£1 Million Daily Draw 2 days a week"],
            "name": "Power Ball"
        }],
        "chances": 4338,
        "price": 36,
        "monthOpts": [1, 2, 4, 12],
        "playClicked": false
    },
    {
        "id": "6",
        "color": "#b53ee0",
         "lotteries": [{
            "id": "1",
            "txt": ["2 entries on Tuesday & Friday", "4 entries in Millionaire Raffle"],
            "name":"Mega Millions"

        }, {
            "id": "2",
            "txt": ["2 entries on Wednesday & Saturday", "4 entries in Lotto Raffle"],
            "name": "Euro Millions"
        }, {
            "id": "5",
            "txt": ["£1 Million Daily Draw 2 days a week"],
            "name": "Power Ball"
        }],
        "chances": 4338,
        "price": 36,
        "monthOpts": [1, 3, 6, 9],
        "playClicked": false
    }
    ]
}