{
    "data": [{
        "id": 16177,
        "type": "Charged",
        "at": 1406443500000,
        "amount": 12.99,
        "productTypeName": "Personal",
        "productName": "MegaMillions",
        "paymentMethodName": ""
    }, {
        "id": 16178,
        "type": "Purchase",
        "at": 1306537100000,
        "amount": 2.05,
        "productTypeName": "",
        "productId": "prd-draw-1",
        "productName": "",
        "paymentMethodName": "Visa 7617",
        "order": {
            "num": 25654,
            "payment": {
                "type": "Visa",
                "num": 7617
            },
            "items": [
                {
                    "item": "Order Item#",
                    "productName": "Product1",
                    "id":1,
                    "amount": "Amount",
                    "autoRenew": "Yes"
                },
                {
                    "item": "Order Item#",
                    "productName": "Product2",
                    "amount": "Amount",
                    "autoRenew": "Yes",
                    "id": 2
                },
                {
                    "item": "Order Item#",
                    "productName": "Product3",
                    "amount": "Amount",
                    "autoRenew": "Yes",
                    "id": 3
                }
            ]
        }
    }, {
        "id": 16178,
        "type": "Deposit",
        "at": 1406537100000,
        "amount": 11.05,
        "productTypeName": "",
        "productId": "prd-draw-1",
        "productName": "",
        "paymentMethodName": "",
        "status": "Approved",
        "payment": {
            "method": "Visa",
            "num": 7618
        }
    }, {
        "id": 12178,
        "type": "Bonus Received",
        "at": 1206537100000,
        "amount": 15.05,
        "productTypeName": "",
        "productId": "prd-draw-1",
        "productName": "Mega Millions",
        "paymentMethodName": "Visa 7617"
    }, {
        "id": 12178,
        "type": "Win",
        "at": 1206537100000,
        "amount": 15.05,
        "productTypeName": "Group",
        "productId": "prd-draw-1",
        "productName": "SuperEnalotto",
        "paymentMethodName": "",
        "ticket": {
            "id": 1,
            "status": "Settled",
            "deliveryDate": "2014-06-27T02:21:07.567",
            "imageUri": "",
            "totalWinningAmount": 500,
            "lines": [{
                "id": 1,
                "originalWinningAmount": 300,
                "winningAmount": 300,
                "prizeCategory": {
                    "name": "Prize3",
                    "winningAmount": 300,
                    "correctNumbers": 2,
                    "correctSecondaryNumbers": 0
                },
                "primaryNumbers": [
                    2,
                    4,
                    6,
                    7,
                    8
                ],
                "secondaryNumbers": [
                    1
                ]
            }, {
                "id": 2,
                "originalWinningAmount": 200,
                "winningAmount": 200,
                "prizeCategory": {
                    "name": "Prize2",
                    "winningAmount": 200,
                    "correctNumbers": 1,
                    "correctSecondaryNumbers": 0
                },
                "primaryNumbers": [
                    2,
                    4,
                    6,
                    7,
                    8
                ],
                "secondaryNumbers": [
                    1
                ]
            }, {
                "id": 2,
                "originalWinningAmount": 200,
                "winningAmount": 200,
                "prizeCategory": {
                    "name": "Prize2",
                    "winningAmount": 200,
                    "correctNumbers": 1,
                    "correctSecondaryNumbers": 0
                },
                "primaryNumbers": [
                    2,
                    4,
                    6,
                    7,
                    8
                ],
                "secondaryNumbers": [
                    1
                ]
            }],
            "lottery": {
                "id": 1,
                "name": "MegaMillions",
                "currency": "BSD"
            },
            "draw": {
                "id": 1,
                "drawTime": "2014-08-27T02:21:07.567",
                "jackpotPrize": 1000000,
                "state": "ResultsAvailable",
                "winningNumbers": {
                    "numberResults": [
                        2,
                        4,
                        6,
                        7,
                        8
                    ],
                    "secondaryNumberResults": [
                        1
                    ]
                }
            },
            "product": {
                "id": 1,
                "name": "EuroJackpot",
                "productType": "lorem ipsum dolor loren ipsum",
                "productConfiguration": ""
            }
        }
    }, {
        "id": 12178,
        "type": "Bonus Received",
        "at": 1206537100000,
        "amount": 15.05,
        "productTypeName": "",
        "productId": "prd-draw-1",
        "productName": "",
        "paymentMethodName": "Visa 7617"
    }]
}